time,temp1,temp2,temp3,vib1,vib2,vib3,press1,press2,press3,torque1,torque2,torque3,status
1.951545336,110,120,130,24,20,14.9,51,60,70.1,749,599.5,499.8,normal
4.406100687,113,121,130.1,24,19.5,14.7,54,60.5,70.2,748,599.5,499.6,normal
9.194111418,115,121.5,130.5,22,19,14.6,56,61.5,70.5,744,598,499.4,normal
10.60513583,116,122,130.5,22,18.5,14.6,56,61.5,70.5,744,598,499.3,normal
13.63946207,117,123.5,130.5,20,17,14.5,58,62.5,70.6,744,597,499.2,normal
17.02463825,117,124.5,130.6,17,15.5,14.3,63,63,70.7,744,596,499.1,normal
20.75751325,120,125.5,130.9,16,14,14,65,63,70.7,743,595.5,499.1,normal
23.33410437,122,126.5,131,13,13,13.9,66,63.5,70.8,741,595.5,498.9,normal
26.6170192,124,127,131.4,11,13,13.8,68,64.5,71.1,741,594.5,498.7,normal
29.28856848,124,128,131.8,10,11.5,13.6,69,65,71.2,738,594.5,498.5,normal
31.74027955,126,128.5,132,9,11.5,13.6,71,65,71.5,737,594,498.4,normal
34.76691628,128,129,132.2,7,10.5,13.2,72,65.5,71.9,737,592,498.3,normal
37.12056466,129,129,132.3,7,10,13.1,74,65.5,72.1,736,590.5,498,normal
40.32102105,131,130,132.5,6,8.5,12.9,77,66,72.2,734,590,498,normal
41.49207038,132,130,132.7,5,8,12.9,78,66,72.4,734,589.5,497.9,normal
44.90699528,133,130.5,132.9,5,7.5,12.8,81,66.5,72.6,732,588.5,497.7,normal
48.12894289,134,131,132.9,3,7.5,12.7,81,67,72.7,730,588.5,497.7,normal
51.02599299,136,132,133.1,0,5.5,12.3,81,67,73.1,728,587.5,497.6,normal
53.55882478,136,133.5,133.4,0,5,12.2,82,67,73.2,728,587,497.4,normal
56.10620734,138,133.5,133.8,-1,4.5,12,82,69,73.4,726,586.5,497.4,normal
58.93590657,139,134.5,134,-2,3.5,12,85,69,73.4,725,585.5,497.3,normal
62.92926801,143,134.5,134.1,-9,3,11.7,87,70.5,73.6,723,585,497.2,failure
66.00236512,112,121.5,130.1,23,19,14.7,51,60,70.3,748,599.5,499.9,normal
69.61601079,115,121.5,130.5,21,18.5,14.4,54,62,70.3,745,598.5,499.6,normal
71.35671769,115,122.5,130.6,21,18,14.1,55,62,70.4,745,597.5,499.5,normal
74.31901195,116,124.5,130.8,21,16,13.7,57,62,70.6,745,597.5,499.4,normal
79.49720699,121,125.5,130.8,16,14.5,13.7,59,63,70.7,744,594.5,499.3,normal
83.10551563,122,126.5,131.2,14,13.5,13.5,59,63,71,743,594.5,499.2,normal
85.33199132,125,127,131.5,13,13,13.4,60,64.5,71.1,741,593.5,499.2,normal
91.26899639,130,129,131.9,10,11,13.4,62,65.5,71.7,738,593,498.9,normal
96.55847756,134,131.5,132,6,10.5,13.3,63,66,72.2,736,593,498.4,normal
99.2486233,134,131.5,132.2,5,10,12.9,64,66,72.3,735,592.5,498.3,normal
101.147811,134,131.5,132.3,4,9.5,12.9,64,67,72.3,734,592,498.2,normal
102.4465143,135,133,132.3,4,9,12.9,64,67.5,72.4,734,592,498,normal
105.2458776,135,133.5,132.5,1,8.5,12.8,66,68,72.9,731,591.5,498,normal
109.2682291,136,134.5,132.6,-2,7.5,12.8,66,68.5,73,731,589.5,497.7,normal
112.2934822,136,135,132.8,-3,6.5,12.8,67,69,73,729,589,497.6,normal
115.6728919,137,136,132.9,-5,6.5,12.7,68,70.5,73.1,728,588.5,497.2,normal
117.6849857,138,136.5,132.9,-5,6,12.6,70,71,73.2,727,588,497.1,normal
119.4456986,139,137,133,-10,6,12.6,71,71.5,73.2,723,586.5,497,normal
127.6167061,142,137,133.5,-11,2.5,12.2,72,73,73.8,721,585.5,496.4,failure
129.7057931,110,120.5,130,24,20,15,52,60,70.1,750,599.5,499.9,normal
132.4358005,114,121,130.2,23,19,14.9,53,60.5,70.3,749,598.5,499.7,normal
135.0678231,114,122,130.3,23,18.5,14.6,55,60.5,70.6,748,598,499.5,normal
138.3344385,114,122.5,130.3,23,17.5,14.1,58,62,70.7,745,597.5,499.4,normal
141.7336817,114,123,130.4,22,17,14,61,62.5,70.8,744,596.5,499.4,normal
145.1049348,115,124.5,130.6,21,14.5,13.9,66,64.5,70.9,742,594.5,499,normal
147.3802661,118,125,130.9,18,14,13.8,68,65,70.9,741,594.5,498.9,normal
149.9715745,119,125.5,131,17,12.5,13.8,68,65.5,70.9,740,594,498.7,normal
152.8434343,119,125.5,131.1,17,12,13.8,69,67,71,740,593.5,498.6,normal
155.5258913,121,125.5,131.1,16,11,13.6,70,68,71,737,593,498.4,normal
159.9688065,125,126.5,131.5,14,11,13.5,70,70,71,734,592,498.2,normal
163.1269624,128,126.5,131.7,14,10.5,13.2,70,71.5,71.1,730,591.5,498,normal
165.9100714,130,127.5,132.1,12,10.5,13.2,72,72,71.2,728,590.5,498,normal
169.8410262,132,128.5,132.4,8,9.5,13.1,75,72.5,71.8,727,589.5,497.8,normal
173.0963848,135,128.5,132.5,8,8.5,12.9,79,73,71.8,725,589,497.4,normal
176.2683189,136,129.5,132.6,8,7.5,12.6,81,74,72,722,589,497.2,normal
177.8107524,136,130,132.8,8,6,12.6,81,74.5,72,721,589,496.8,normal
181.853254,138,131,132.8,7,6,12.4,82,76,72,717,588,496.5,normal
184.2673746,139,131,132.9,6,5.5,12.4,83,77,72.1,716,588,496.5,normal
185.5929918,140,131.5,133.1,6,5.5,12.4,83,77,72.1,714,587.5,496.4,normal
188.069387,141,132.5,133.3,3,5.5,12.3,84,77,72.1,713,587,496.2,normal
193.2302387,145,132.5,133.6,3,4.5,12.3,85,77.5,72.1,712,584.5,496,normal
196.3119883,145,133,133.7,3,4,12.1,87,78,72.3,712,583.5,495.8,normal
198.0616108,147,133.5,133.7,2,3,12.1,87,78.5,72.4,711,583,495.6,normal
201.6450821,149,134.5,134.1,-2,2,12.1,88,79,72.6,711,580.5,495.2,normal
204.6739063,150,135,134.2,-3,1.5,11.9,91,80,72.6,707,579.5,494.8,normal
207.9938892,151,136,134.2,-5,1,11.9,91,80.5,72.8,706,578.5,494.8,normal
210.0275728,152,136.5,134.4,-5,1,11.7,93,80.5,73,704,577.5,494.8,normal
212.9354532,152,138.5,134.4,-7,-0.5,11.6,94,80.5,73.1,703,577,494.7,failure
215.8540547,112,120,130.2,24,19.5,15,50,60,70,745,599.5,499.8,normal
219.6108103,115,120,130.4,21,19,14.8,50,61.5,70.4,741,599,499.6,normal
222.11898,116,120,130.4,20,19,14.7,51,61.5,70.6,740,598,499.5,normal
225.8741057,116,121.5,130.5,17,17.5,14.5,52,62,70.6,739,597.5,499.2,normal
228.4331617,117,123.5,130.6,15,17.5,14.4,53,63,70.7,738,597,499.2,normal
231.0144112,119,124,131.1,13,16.5,14.2,54,64,70.8,738,597,499,normal
234.6909705,119,125,131.2,12,15,14.1,56,64.5,71,733,594.5,498.9,normal
239.2196684,119,126,131.4,11,13,13.8,58,64.5,71.1,731,592.5,498.7,normal
241.9079781,121,126.5,131.5,6,13,13.8,59,65,71.2,730,591.5,498.4,normal
246.327921,125,127.5,131.9,4,13,13.6,59,66.5,71.4,726,591,498,normal
247.750619,126,128.5,132,3,12.5,13.6,59,67,71.4,725,590.5,497.9,normal
251.6264329,128,128.5,132,2,11.5,13.1,62,67.5,71.6,724,589,497.9,normal
254.2758806,129,129.5,132,-1,10.5,13.1,63,69,71.6,724,588.5,497.6,normal
257.835986,130,129.5,132.5,-1,10,13.1,68,70.5,71.8,721,587.5,497.1,normal
262.249615,130,130.5,132.7,-4,9.5,13.1,72,70.5,72,719,586,497,normal
263.5919461,131,130.5,132.8,-5,9,13,73,70.5,72.2,717,585.5,496.9,normal
266.0973804,133,131,133.1,-7,9,12.9,73,72,72.3,717,585,496.8,normal
267.9404969,134,131.5,133.1,-7,9,12.9,73,72.5,72.4,715,584,496.6,normal
273.4804108,136,134,133.4,-11,7,12.6,76,74.5,73.2,712,584,496.6,normal
280.1178073,139,137,133.6,-12,6,12.6,79,77,73.7,711,581.5,496.3,failure
281.5348003,110,120,130,24,18.5,14.8,51,60.5,70.1,749,599.5,499.9,normal
283.1861835,112,121,130.1,23,18,14.8,52,61,70.2,746,599,499.9,normal
285.3933888,112,121,130.2,20,17.5,14.7,53,61.5,70.2,745,599,499.9,normal
288.7175443,112,123.5,130.2,20,17.5,14.3,55,62.5,70.4,743,597.5,499.8,normal
291.5839424,115,124,130.2,18,17.5,14.3,58,64,70.7,741,596.5,499.6,normal
294.8684266,116,125.5,130.3,17,16.5,14.3,59,65,70.8,739,596.5,499.4,normal
300.3829466,118,127,130.7,13,15.5,14,61,65,71.1,736,594.5,498.8,normal
302.9710534,120,127,131,11,14.5,13.9,61,65,71.4,736,594,498.8,normal
305.0017847,120,127.5,131,10,13.5,13.8,61,65.5,71.5,735,593.5,498.8,normal
309.1359883,120,128.5,131.1,5,12,13.5,65,66.5,72,732,593,498.8,normal
310.9190307,120,129,131.2,4,10.5,13.5,65,67,72,731,591.5,498.7,normal
312.4347652,122,129,131.2,3,10,13.4,66,67.5,72,730,590.5,498.6,normal
316.7054247,128,129,131.4,1,8.5,13.4,67,69.5,72.2,727,587,498.4,normal
319.8076336,129,129.5,131.6,1,8.5,13.2,67,70,72.3,727,585.5,498.3,normal
323.7585679,132,130,131.8,-5,8,12.9,70,70,72.5,725,585,498.1,normal
328.7656262,138,132,132,-5,6,12.8,71,72.5,72.8,724,584,497.9,normal
331.340002,139,132.5,132.2,-6,6,12.6,73,74.5,72.9,723,583,497.8,normal
332.561699,140,133,132.3,-6,5,12.5,74,74.5,73,721,582.5,497.6,normal
334.6303588,140,133.5,132.5,-7,5,12.5,77,75,73.1,721,580,497.4,normal
337.8137205,142,134,132.6,-7,4,12.5,78,77,73.1,718,579,497,normal
341.5390221,144,136,132.7,-12,3,12.5,78,78.5,73.2,717,578,496.6,failure
343.4567597,111,120,130,25,19,14.9,52,61,70.3,750,600,499.9,normal
347.0149548,112,121.5,130.3,24,18,14.8,53,62,70.5,749,600,499.5,normal
349.1950963,113,122,130.4,23,18,14.6,54,62,70.6,748,600,499.3,normal
350.6658464,115,122,130.4,21,18,14.5,54,63,70.7,748,600,499.3,normal
354.261671,115,122.5,130.7,19,16,14.3,55,64,70.7,747,599.5,499,normal
356.1572756,118,122.5,130.8,19,15.5,14.2,56,65.5,70.8,745,598.5,499,normal
358.9804992,119,124.5,131,17,15,14.2,57,65.5,70.9,745,597.5,498.9,normal
360.7765716,119,125,131,16,14.5,14,58,66,71,744,597,498.8,normal
364.1756346,123,126,131.2,16,14,13.4,59,67,71.1,742,596.5,498.7,normal
366.3142837,125,126,131.3,16,14,13.4,60,67,71.2,741,595,498.7,normal
372.2638779,127,129,131.4,11,12,13.1,65,67.5,71.5,735,594,498.6,normal
374.1747314,129,130,131.5,10,11,13.1,65,68,71.7,734,593,498.5,normal
376.9982485,130,130,131.6,8,10.5,13.1,66,68,71.7,729,591.5,498.5,normal
379.4409567,132,131,131.6,7,9.5,13.1,68,68,71.8,728,591.5,498.5,normal
382.2697727,134,131.5,131.7,6,8,12.9,68,69,71.8,727,591,498.5,normal
386.5494591,138,131.5,131.8,2,6,12.8,70,69,71.9,723,588.5,498.4,normal
388.5967903,138,132,131.9,2,5.5,12.5,72,69.5,72.2,723,587.5,498.4,normal
390.877858,140,133,132,0,5.5,12.2,72,70.5,72.2,722,587.5,498.4,normal
393.8928328,140,134.5,132.3,-3,4,11.9,74,70.5,72.3,721,587,498.2,normal
395.6313668,140,135,132.6,-3,4,11.7,75,72,72.4,720,587,498.2,normal
403.8646214,144,137.5,133.4,-7,1,11.1,79,76,72.7,719,586.5,497.8,failure
405.6606988,111,121,130.3,24,19.5,14.8,52,61,70,749,598,500,normal
408.125484,114,121.5,130.5,22,19,14.7,52,61.5,70,746,597.5,499.8,normal
411.1369064,115,121.5,130.5,22,18.5,14.6,54,63,70,745,597.5,499.4,normal
414.8689357,116,122.5,130.7,18,17,14.3,55,63.5,70,744,597,499.3,normal
419.2425673,118,124.5,131,14,15.5,14.2,56,65,70.1,742,597,499.2,normal
422.3618842,119,124.5,131.1,12,15.5,14,57,68,70.4,740,597,498.8,normal
424.9131767,122,125,131.2,12,14.5,14,58,69,70.4,739,597,498.7,normal
428.2860373,123,125.5,131.4,11,13.5,14,59,71,70.4,739,597,498.4,normal
431.2006573,126,126,131.5,11,13.5,14,60,71,70.4,739,595.5,498.3,normal
433.201411,127,127,131.5,8,13.5,13.9,61,71,70.5,737,595,498.2,normal
436.7366,128,127.5,131.8,5,13,13.8,64,71.5,70.6,736,594,498,normal
442.2547513,131,130,132.2,3,12,13.6,67,72,70.7,732,592,497.8,normal
444.367414,133,131,132.4,2,11.5,13.6,68,72.5,70.8,730,591,497.8,normal
448.1083601,133,133,132.4,2,11.5,13.4,70,73.5,70.8,727,589,497.7,normal
451.2421664,134,134,132.7,0,11.5,13.3,71,74.5,70.8,726,588,497.4,normal
456.6458447,137,135,133,-1,10,13.3,75,76,70.9,724,586.5,497.1,normal
458.6470774,138,135,133,-3,10,13.1,75,76,71,724,585.5,497.1,normal
461.455101,140,135.5,133,-3,9,12.9,76,76.5,71.2,723,585,496.5,normal
463.3340369,140,136,133,-3,8.5,12.9,79,77,71.2,722,584.5,496.4,normal
467.7836124,145,137.5,133.3,-5,8,12.4,80,77.5,71.2,721,584,496.3,normal
471.2877045,146,138,133.5,-7,8,12,81,78.5,71.4,721,583.5,496.2,normal
473.1770803,147,138.5,133.5,-8,8,11.9,82,78.5,71.5,721,583.5,496.1,normal
475.339579,149,138.5,133.6,-9,7.5,11.6,83,78.5,71.7,720,583,496.1,normal
477.6927996,150,140,133.8,-13,7,11.6,83,78.5,71.7,719,583,496,failure
481.5702476,113,120.5,130.3,24,19.5,14.9,53,61,70.3,747,600,499.9,normal
485.6169586,116,121,130.5,21,19,14.8,54,62.5,70.3,745,598.5,499.9,normal
488.2610743,116,122,130.7,21,18,14.5,56,63.5,70.6,745,598,499.4,normal
491.6539055,118,122,130.8,17,17.5,14.4,61,64,70.6,742,597.5,499.1,normal
494.8048396,119,122,130.9,16,16.5,14.4,62,64.5,70.7,741,596.5,499,normal
496.3379068,119,122,130.9,16,16.5,14.3,63,65,71,741,596,499,normal
498.8616244,122,122.5,131.2,14,15.5,14.2,64,65.5,71.1,740,595,498.8,normal
502.8239322,125,123,131.5,12,14.5,13.9,66,66.5,71.2,738,593,498.8,normal
506.3572029,126,123.5,131.6,9,13,13.9,71,68,71.4,738,593,498.7,normal
508.546716,128,124,131.7,8,11,13.8,72,68,71.5,737,592,498.6,normal
512.1520045,130,125.5,131.8,4,10.5,13.6,73,68,71.7,733,592,498.3,normal
515.2846602,130,127,131.9,2,10.5,13.5,74,68.5,71.9,731,590.5,498.3,normal
517.9709211,133,128,131.9,2,9.5,13.4,74,69,72.3,730,590,498.2,normal
525.7627319,135,128.5,132.2,-4,5,12.7,77,71.5,72.6,725,588,497.9,normal
528.8932714,137,128.5,132.4,-5,5,12.4,77,72,72.8,724,587.5,497.8,normal
530.6517877,138,128.5,132.5,-7,5,12.3,79,73,73,724,587,497.6,normal
532.2635083,140,128.5,132.5,-8,3,12.2,79,73.5,73,724,586,497.5,normal
534.2636188,141,128.5,132.6,-10,1,12.2,80,74,73,724,585,497.4,failure
537.9333839,111,121.5,130.3,24,20,14.9,53,60,70.2,749,599,499.9,normal
539.6456538,111,122,130.3,23,19.5,14.8,53,61,70.2,749,598.5,499.9,normal
541.4277495,112,123,130.4,22,18.5,14.7,55,61,70.5,749,598,499.8,normal
545.3445286,112,124.5,130.5,19,15,14.6,57,62.5,70.8,746,597.5,499.6,normal
547.3429493,112,125,130.5,16,14.5,14.5,59,62.5,70.9,745,596.5,499.5,normal
549.9175872,114,126,130.6,15,14,14.3,59,63.5,71.1,745,596,499.1,normal
553.1858899,116,126.5,130.7,10,13,14.2,61,65.5,71.5,744,595.5,498.9,normal
557.4624442,117,128,131.1,9,10.5,13.7,63,67.5,71.7,742,595,498.6,normal
559.6571397,120,129,131.2,9,10,13.5,65,68,71.7,741,593.5,498.4,normal
561.3795615,121,129.5,131.3,8,9,13.2,68,68.5,71.7,741,593,498.3,normal
565.3251471,121,130.5,131.5,6,6.5,13.1,70,71.5,71.9,741,592.5,498.2,normal
566.812445,121,131,131.7,6,6,12.9,70,72.5,71.9,741,590.5,498.1,normal
569.0955768,124,131.5,131.7,5,5,12.8,70,73,72,738,586.5,497.9,normal
571.6969706,125,133,131.8,4,4.5,12.8,70,73,72.2,737,586.5,497.9,normal
576.6518399,127,134,131.8,1,3,12.2,73,74.5,72.3,736,585,497.8,normal
580.3128471,128,134.5,131.8,-3,2.5,12.1,75,76,72.4,733,583,497.7,normal
583.6663102,128,135,131.8,-4,2.5,12.1,75,76.5,72.8,728,582.5,497.7,normal
587.132896,132,138,132.3,-6,1,11.8,79,78,73,727,582.5,497.5,normal
592.0753122,134,140.5,132.3,-7,-0.5,11.6,80,79.5,73.1,725,581,497.4,failure
597.1414658,113,121,130.3,24,20,14.8,52,61.5,70.3,748,598.5,499.5,normal
598.3823772,114,123,130.3,24,19.5,14.8,53,62.5,70.6,748,598,499.2,normal
601.7974664,116,124,130.4,22,19.5,14.7,54,64,71,744,598,499.2,normal
603.5644948,116,125,130.5,21,19,14.7,55,64,71.1,741,597.5,499.1,normal
605.6878867,119,125,130.7,21,19,14.5,55,64.5,71.1,741,597,498.9,normal
610.4377507,120,125.5,130.8,18,17.5,14.5,58,64.5,71.5,741,596,498.5,normal
613.4297213,121,126.5,130.9,18,17,14.5,61,66.5,71.6,740,595.5,498.3,normal
615.5323313,122,127.5,131.1,18,16,14.4,62,66.5,71.7,739,594.5,498,normal
617.6844221,124,128.5,131.2,18,16,14.4,63,67,71.7,739,594,497.9,normal
619.6068558,125,130,131.3,18,15.5,14.3,64,67,71.7,736,593,497.8,normal
625.2424632,128,130,131.6,14,13,14,70,67.5,71.8,733,593,497.6,normal
627.0856311,129,130,131.7,13,13,14,70,68,71.9,731,591.5,497.6,normal
628.387553,130,130.5,131.8,13,13,13.9,72,68.5,72,731,590.5,497.3,normal
631.4682215,130,131,132.2,12,12.5,13.9,73,69,72.1,730,589,497.2,normal
633.0628939,130,131.5,132.4,12,11.5,13.9,73,69,72.2,729,588,497,normal
636.1669757,131,133,132.5,8,10,13.7,74,69.5,72.4,728,588,496.9,normal
640.9189732,134,134.5,132.8,6,9,13.6,79,70,72.6,727,586.5,496.7,normal
643.1286926,135,135.5,132.8,6,8.5,13.6,81,71,72.7,726,586.5,496.5,normal
644.7534271,135,136,133,3,7,13.5,81,71.5,72.8,725,586,496.2,normal
653.3082568,135,136.5,133.5,-2,4.5,13.1,87,74.5,73.1,721,584,495.7,normal
656.0898327,135,137,133.6,-5,3,12.7,88,75,73.3,720,583.5,495.5,normal
659.7817973,136,138,133.8,-7,3,12.4,89,76.5,73.4,718,583.5,495.4,normal
661.5690191,138,138,133.9,-9,3,12.4,92,77,73.5,718,583,495.4,failure
664.1520422,110,120,130.2,22,20,14.9,51,60.5,70.2,749,598.5,499.8,normal
666.6483584,111,120.5,130.2,19,19.5,14.8,51,62.5,70.3,748,598.5,499.7,normal
671.9501848,113,122,130.7,17,17.5,14.7,53,63.5,70.5,745,597,499.6,normal
674.7199168,114,122.5,130.7,15,17,14.5,54,63.5,70.6,740,594.5,499.5,normal
676.4835228,115,123,130.8,14,16.5,14.3,54,64,70.7,739,594.5,499.4,normal
680.3653964,116,123.5,130.9,9,15.5,14,54,64.5,70.9,737,594.5,499.1,normal
683.1614825,118,123.5,130.9,5,15,14,57,64.5,71.1,736,594,499,normal
686.3758417,119,124.5,130.9,4,13.5,14,58,65.5,71.2,733,593.5,499,normal
689.8259345,121,126,131.1,3,13.5,13.8,59,68.5,71.3,731,593.5,498.5,normal
692.2739478,123,126.5,131.2,2,13.5,13.7,59,68.5,71.4,729,592,498.2,normal
696.0027377,126,127.5,131.8,2,12,13.6,61,70,71.8,727,592,498.1,normal
698.8627851,127,127.5,131.9,1,11.5,13.4,63,70.5,72,727,591,497.7,normal
701.778913,129,129,132,-3,11,13.3,64,71,72.1,726,590.5,497.6,normal
704.0822979,132,130.5,132.1,-5,9.5,13.2,65,72,72.2,725,590.5,497.6,normal
706.5917703,132,130.5,132.2,-6,9,12.9,65,72,72.3,725,589,497.3,normal
708.4085194,133,131,132.3,-6,8.5,12.8,65,72.5,72.3,725,588.5,497.1,normal
711.5445865,136,133,132.3,-7,8,12.7,67,72.5,72.5,722,588.5,496.9,normal
713.039959,136,133.5,132.5,-8,7.5,12.7,67,72.5,72.7,722,588.5,496.9,normal
715.5448283,136,135,132.8,-10,7,12.6,67,74,72.7,721,588,496.7,normal
717.5940772,139,135.5,133.1,-11,7,12.4,69,74.5,72.8,717,587,496.5,normal
721.1526337,139,136,133.1,-13,6.5,12,71,76.5,73,715,586.5,496.2,failure
722.500955,111,120,130.4,24,20,14.9,50,60,70,749,599.5,500,normal
726.8983246,113,120.5,130.9,23,20,14.8,53,60,70.2,746,598.5,499.4,normal
732.5267316,113,122,131.1,21,19.5,14.8,54,61.5,70.3,740,597.5,498.8,normal
734.7400172,113,124.5,131.1,18,19.5,14.7,55,62.5,70.3,739,596,498.5,normal
737.7469198,113,126.5,131.3,15,18,14.5,55,64,70.4,738,594.5,498.4,normal
742.3430953,116,128.5,131.7,12,17.5,14.4,57,64.5,70.9,736,594.5,498.2,normal
744.1683044,116,128.5,131.9,11,16.5,14.4,60,65,71.1,734,594.5,498.1,normal
745.6143185,116,129.5,132,9,15.5,14.4,62,65.5,71.2,733,594.5,498.1,normal
748.7371467,118,130.5,132.3,7,14,14.2,63,66.5,71.4,732,593.5,497.8,normal
753.3332523,122,130.5,132.9,3,13,13.8,66,67,71.5,731,592,497.7,normal
754.8416864,124,130.5,133,1,12.5,13.7,68,67.5,71.6,730,592,497.7,normal
756.6945138,125,131,133,1,12.5,13.6,68,68.5,71.7,729,590.5,497.6,normal
759.1574196,129,131,133.2,0,10.5,13.6,69,69,71.8,723,590,497.4,normal
762.0816104,131,132,133.3,-2,10.5,13.5,74,69.5,72,723,586,497.3,normal
765.6954346,132,132,133.4,-4,10,13.5,78,70,72.4,722,585.5,497.2,normal
767.8600656,135,132.5,133.8,-5,8.5,13.3,80,70.5,72.6,721,585,497.2,normal
771.1678098,138,133.5,133.9,-5,8,13.2,81,71,72.9,720,584,497.2,normal
773.6958898,139,133.5,134.1,-6,8,12.9,82,71.5,73,719,583.5,497.2,normal
775.2078792,139,134,134.3,-7,7.5,12.8,83,72,73.1,718,583.5,497.2,normal
779.550576,140,135,134.5,-9,7.5,12.4,85,74.5,73.3,716,583,497,normal
783.2042188,140,136.5,134.9,-12,7.5,12,88,75,73.4,715,581,496.5,failure
786.6102333,112,120,130,24,19.5,14.5,51,61,70.1,749,598.5,499.9,normal
789.8657783,112,120.5,130.1,20,18.5,14.4,52,62,70.1,748,597.5,499.5,normal
793.1701418,113,121.5,130.3,16,17.5,14.2,53,63.5,70.3,745,596.5,499.4,normal
801.3269625,115,124,131,14,16.5,14,63,65,70.4,737,595,498.8,normal
804.0344134,116,124.5,131.2,14,16.5,13.9,65,66,70.6,736,594.5,498.5,normal
807.3002313,118,125.5,131.6,13,16,13.6,66,67,70.8,735,594.5,498.3,normal
809.1183522,118,126,131.7,11,15,13.5,68,67,70.8,735,594,498.1,normal
812.992193,121,126.5,131.8,11,14.5,13.5,71,67.5,70.9,732,592.5,497.9,normal
815.0666335,122,127,131.9,10,14.5,13.5,71,67.5,71,732,591.5,497.8,normal
816.7619252,124,127.5,132.1,10,14,13.4,71,70,71.1,730,591.5,497.8,normal
821.1035079,128,128,132.2,9,14,13.2,73,73,71.2,729,591.5,497.7,normal
825.045713,128,129.5,132.3,7,12.5,13.1,75,74.5,71.2,725,591,497.3,normal
827.7070583,129,130.5,132.4,4,12.5,13.1,80,75,71.5,723,591,497.3,normal
829.918284,130,131.5,132.5,2,11.5,13,82,75,71.5,721,590,497.2,normal
831.465208,130,132,132.5,1,11,12.9,83,75.5,71.5,720,589.5,497,normal
834.2989545,130,134,132.7,0,9.5,12.9,85,75.5,71.9,718,589.5,497,normal
835.2191908,130,134,132.8,-2,9.5,12.7,86,76,72,716,589.5,497,normal
838.9750541,132,135.5,133.4,-6,8.5,12.7,87,76.5,72.5,716,589,497,normal
842.1080311,133,138,133.6,-6,8.5,12.6,88,79,72.8,715,588,496.7,normal
845.216651,134,139,133.7,-9,7,12.6,88,80.5,72.9,713,587.5,496.7,normal
847.2789761,135,139.5,133.7,-9,6.5,12.4,90,80.5,73,713,587.5,496.5,normal
848.6708966,136,139.5,133.8,-11,6.5,12.4,91,81,73,712,587,496.3,failure
850.7187066,112,120.5,130.1,25,19,14.9,52,61,70.2,749,599.5,499.9,normal
852.6180444,113,121,130.2,24,18.5,14.7,53,61,70.4,748,599.5,499.9,normal
855.2142911,114,121.5,130.4,22,17.5,14.6,56,61.5,70.5,747,598.5,499.8,normal
858.1230147,115,123,130.7,20,17,14.6,57,63.5,70.6,746,598.5,499.8,normal
860.646869,117,125,130.9,19,16.5,14.5,59,64,70.8,744,598,499.6,normal
863.9259058,119,126,130.9,16,14.5,14.5,61,65,70.9,742,597.5,499.4,normal
867.2600876,120,127,131,15,14.5,14.1,62,66.5,71,742,597.5,499.3,normal
868.7343298,121,127.5,131,14,14.5,14,63,67,71.1,742,597,499.2,normal
872.1622786,123,128,131.2,14,12.5,13.7,64,67.5,71.7,742,596.5,499.2,normal
874.440025,125,128.5,131.2,13,12,13.6,64,68,71.7,739,595.5,499.1,normal
879.4099749,129,131,131.5,8,10.5,13.3,66,68.5,71.8,739,595.5,498.9,normal
881.8971207,130,131.5,131.6,7,10.5,13.2,69,69.5,71.8,739,595,498.8,normal
885.1292476,131,133.5,131.6,5,9,13.1,70,70,72,738,594.5,498.5,normal
887.7886894,131,135.5,131.7,3,8.5,13.1,74,70,72.1,737,593.5,498.5,normal
890.3707178,132,136,131.8,2,7.5,12.9,75,71,72.4,735,593,498.3,normal
892.3796942,133,136.5,132,1,7,12.6,76,71.5,72.5,733,592.5,498.2,normal
893.5339152,133,137,132,0,6,12.5,76,72,72.6,731,591.5,498.1,normal
895.8909029,136,137,132.2,-4,5.5,12.3,76,72,72.7,729,590.5,498,normal
898.3927491,137,138,132.4,-7,4.5,12.1,77,72,72.8,729,590,497.8,normal
901.5827576,139,138.5,132.7,-8,4,12.1,77,72,72.9,729,589.5,497.6,normal
904.4550026,141,139.5,132.8,-9,2,12,79,73.5,73.1,729,588.5,497.5,failure
907.2002701,110,120.5,130,24,20,14.5,52,60.5,70.2,747,599.5,499.8,normal
909.6594836,113,120.5,130.1,23,19,14.3,54,60.5,70.3,747,598.5,499.8,normal
913.9412982,114,120.5,130.3,21,18,14,60,60.5,70.6,744,595,499.8,normal
916.2550746,115,120.5,130.4,18,16.5,14,61,61,71,743,595,499.7,normal
919.6604475,116,121.5,130.5,18,16,13.7,64,61,71.3,740,595,499.4,normal
920.6586905,116,122,130.6,18,16,13.7,66,61.5,71.3,740,595,499.4,normal
924.5293962,120,122.5,130.7,16,15.5,13.4,69,62,71.4,738,594.5,499.1,normal
927.8176523,123,122.5,131.1,14,15.5,13.2,70,64,71.7,736,594,499.1,normal
930.6623713,124,122.5,131.2,13,15.5,13,72,64.5,72,733,593.5,499,normal
936.8801035,129,124.5,131.6,13,14.5,12.8,73,65.5,72.3,730,592,499,normal
938.6337753,129,125,131.6,11,14,12.6,74,65.5,72.6,729,591,499,normal
940.9965749,131,125,132,10,11.5,12.3,74,66,72.6,729,589.5,498.9,normal
943.6906225,132,125,132.2,7,10,12.2,75,66,72.7,729,589,498.8,normal
949.9882121,139,127,132.7,5,9,12.1,77,67.5,73.1,726,588,498.4,normal
957.1686492,142,128,132.8,-1,7.5,11.5,77,69,73.7,722,585.5,498.1,normal
958.3327306,143,128.5,132.8,-2,7,11.5,77,69.5,73.7,721,585.5,498,normal
963.8828949,146,129,133.3,-5,4.5,11.4,80,70.5,73.9,720,583,497.9,normal
967.1715545,147,130,133.4,-5,2.5,11.3,84,71,74.1,720,582.5,497.8,normal
969.4048687,150,131,133.5,-8,2,11.2,88,71.5,74.1,719,582,497.8,failure
975.3570802,110,121,130.7,21,18,14.8,52,62.5,70.3,749,599.5,499.5,normal
978.0144267,111,122,131,19,17.5,14.8,53,62.5,70.6,748,598.5,499.4,normal
981.6964944,114,124,131.2,15,17,14.6,53,62.5,70.7,745,597.5,499.4,normal
984.2337141,116,124,131.4,15,16,14.6,53,64,70.7,743,597.5,499.1,normal
990.4332047,118,124.5,131.7,15,16,13.9,56,66,70.8,741,596.5,498.9,normal
992.8860912,121,125,131.8,12,15,13.7,58,67,71,741,596,498.8,normal
996.4326314,123,125,131.9,10,14,13.5,59,67.5,71.2,739,595.5,498.6,normal
998.6687636,123,125,131.9,10,14,13.4,60,68,71.4,737,595,498.5,normal
1000.944648390069,124,126,131.9,9,13,13.4,62,68.5,71.4,737,594,498.4,normal
1003.624967316137,125,127,132,9,12,13.3,63,69,71.5,735,594,498.3,normal
1006.930828549604,125,128,132,6,11.5,13.3,65,69,71.6,731,593,498.2,normal
1010.429101729035,127,128.5,132,3,10.5,13,66,70.5,71.7,729,591.5,498.1,normal
1012.547265759975,131,128.5,132,2,10.5,12.9,67,71,72.1,728,590,498,normal
1015.571131114045,132,129,132.3,-2,10.5,12.8,71,72.5,72.1,727,589,498,normal
1018.021094171488,132,129.5,132.4,-5,10,12.8,71,74,72.1,726,588.5,497.7,normal
1022.616796734604,134,130,132.6,-6,9.5,12.5,71,75.5,72.1,722,587.5,497.5,normal
1025.468899334096,135,132.5,132.7,-7,9,12.3,71,77,72.2,720,587,497.2,normal
1027.950600626652,137,133,132.8,-7,8,12.1,74,77.5,72.2,720,587,497.1,normal
1030.751122119935,139,133.5,133.1,-7,8,12.1,74,79,72.7,715,586.5,497.1,normal
1034.430819056199,140,134.5,133.5,-8,8,12,77,81.5,73,713,585.5,496.8,normal
1035.637655711449,142,135.5,133.5,-9,7.5,11.9,78,81.5,73.1,711,585.5,496.7,normal
1036.421721867066,143,137,133.6,-9,7.5,11.9,79,82,73.1,710,585,496.7,normal
1041.984668870766,146,138,133.7,-12,6,11.8,83,84.5,73.2,709,582,496.4,failure
1044.468208495165,110,120.5,130.1,22,19.5,15,50,60.5,70,749,599.5,500,normal
1047.869092502859,110,121,130.3,21,18.5,15,54,62,70.2,746,598,499.8,normal
1049.837974176442,111,122,130.5,21,18,15,54,63,70.3,746,598,499.8,normal
1053.546367106048,112,122.5,130.6,20,17.5,14.8,54,63,70.4,744,595.5,499.6,normal
1061.421539560946,116,124.5,131,19,15,14.4,57,64,70.6,737,593,499.3,normal
1064.408623921282,117,125.5,131.2,17,14.5,14.2,58,65,70.7,729,592.5,499,normal
1067.151463300232,118,125.5,131.4,17,13.5,14.2,60,66,70.8,728,592,498.8,normal
1068.847480124347,118,126,131.5,17,13,14.2,62,66.5,71,728,592,498.7,normal
1072.072981940781,118,126,131.6,16,12.5,14.1,64,67,71.4,728,590.5,498.6,normal
1074.712676598205,118,127,131.7,12,11.5,14.1,64,68.5,71.5,727,589.5,498.5,normal
1076.999833041075,118,127,131.7,10,11.5,14,65,69,71.5,727,588.5,498.4,normal
1082.422050192149,123,127.5,131.9,7,9.5,13.8,66,69.5,71.5,726,588,498.4,normal
1086.677954924088,125,128,132.6,4,7,13.8,67,72,71.7,724,586,498.3,normal
1088.259326717366,127,129.5,132.6,3,6.5,13.7,71,73,71.8,722,585,498.2,normal
1090.063872067195,128,130.5,132.8,3,6.5,13.4,73,73,71.8,720,585,498.2,normal
1092.945729044189,130,130.5,133,2,5.5,13.3,76,73.5,72,718,584,498.1,normal
1095.860877492689,132,131.5,133.4,2,4.5,13.3,77,74.5,72.2,718,583.5,498,normal
1099.872693701485,134,132,133.8,0,4,13.1,80,75,72.4,713,582,497.9,normal
1101.421095849246,136,132.5,133.8,-1,3.5,12.9,80,76,72.5,712,581,497.8,normal
1104.588326379556,138,133,133.9,-3,3.5,12.7,82,78,72.9,711,580.5,497.5,normal
1108.464390017326,139,133.5,134.2,-5,3,12.4,82,80,73.2,708,579.5,497.4,normal
1110.795386621826,140,134,134.4,-5,2,12.3,82,80,73.3,707,579,497.3,normal
1113.568707097157,140,134.5,134.4,-6,1.5,12.1,85,81,73.4,705,578.5,496.8,normal
1117.654492091621,141,135.5,134.5,-9,1.5,11.8,88,82,73.6,702,576.5,496.8,failure
1119.148695389233,112,120,130.2,25,20,14.9,53,60,70.1,750,600,500,normal
1122.838433866578,114,121,130.3,25,19.5,14.8,54,61.5,70.2,747,600,499.9,normal
1125.118644068452,114,121.5,130.8,23,19.5,14.6,55,61.5,70.5,744,599.5,499.8,normal
1127.170343912635,115,122,130.9,22,18.5,14.5,55,63,70.5,741,599.5,499.8,normal
1128.725060945747,116,123,130.9,19,18.5,14.3,57,63,70.6,740,599.5,499.7,normal
1130.547573504901,116,123.5,131,18,18.5,14.3,58,63.5,70.7,739,599.5,499.7,normal
1132.305067471906,117,123.5,131.1,17,17,14.1,58,64.5,70.8,737,599,499.6,normal
1135.234802411951,118,124,131.1,16,16.5,14.1,58,64.5,70.9,735,598.5,499.5,normal
1139.331001567215,121,124.5,131.1,13,14.5,13.7,60,66.5,71.2,732,597.5,499.4,normal
1141.139083933078,121,125,131.2,8,14,13.7,61,67.5,71.3,732,597,499.4,normal
1144.590065169618,122,125,131.6,8,13.5,13.3,64,68.5,71.3,731,595.5,499.3,normal
1146.070852202048,122,125.5,131.6,6,13,13.3,66,68.5,71.5,730,594,499.2,normal
1149.256246651815,124,125.5,131.8,5,12,13.1,70,69,71.5,728,593.5,498.9,normal
1151.676471,124,126,132.1,3,11,12.9,72,69.5,71.5,728,593.5,498.8,normal
1156.755145061449,129,127.5,132.3,2,8.5,12.7,76,71,71.6,727,593.5,498.5,normal
1160.008793364638,130,128,132.5,0,7.5,12.6,76,72,71.7,727,593,498.4,normal
1163.334656457863,131,128.5,132.8,-1,6,12.4,78,73.5,71.9,727,592,498.3,normal
1166.602667729195,131,130,132.9,-2,5,12.2,80,76,72.3,724,591.5,498.3,normal
1171.108786030227,131,130.5,133.1,-4,3.5,11.6,84,78.5,72.5,722,590.5,498.1,normal
1173.397234585611,133,130.5,133.2,-5,2,11.5,85,79.5,72.5,720,590,498.1,normal
1176.656434793704,135,130.5,133.4,-5,1.5,11.4,85,81,72.6,718,589,497.9,normal
1180.086525587864,136,131,133.5,-7,1,11.3,86,81.5,72.7,716,588,497.9,failure
1184.026196402145,111,120.5,130.1,23,18.5,14.9,50,60.5,70.1,748,599.5,499.6,normal
1186.655802710865,114,121,130.2,23,17.5,14.9,51,61,70.2,745,597.5,499.4,normal
1190.460460833351,116,122,130.3,22,16,14.8,52,63,70.4,742,596,499.2,normal
1196.171639720453,116,125.5,130.5,20,14,14.4,53,64.5,70.7,740,593,498.6,normal
1197.837052430605,117,125.5,130.6,20,12.5,14.4,55,65,70.9,740,592.5,498.6,normal
1200.190001902181,119,126,130.8,20,12,14.2,56,65,71,738,591.5,498.2,normal
1204.283091230235,124,127,131.2,19,9.5,13.8,59,66,71,737,589,497.9,normal
1206.111929861799,128,128,131.2,19,8.5,13.7,59,66.5,71.3,734,588.5,497.4,normal
1208.900897742764,132,128,131.4,18,8,13.6,60,67,71.4,733,588,497.3,normal
1210.993585,133,129.5,131.5,18,7.5,13.5,62,67.5,71.8,732,587.5,497.1,normal
1214.372058810093,133,132,131.6,16,6.5,13.3,62,68.5,71.9,731,584.5,497.1,normal
1217.809640477997,133,133.5,131.9,12,6,13.3,66,69.5,72.3,730,584,496.9,normal
1219.16572,134,134.5,132,11,5.5,13.2,67,70,72.4,730,584,496.8,normal
1224.738942734654,134,136.5,132,7,4.5,12.9,70,71.5,72.5,728,582.5,496.5,normal
1226.361601709112,136,136.5,132.3,5,3.5,12.9,71,72.5,72.8,727,582,496.5,normal
1229.653499741577,136,136.5,132.5,3,3,12.8,76,73,72.8,724,580.5,496.2,normal
1231.991104867386,137,137.5,132.5,0,2.5,12.4,77,73,73,723,579.5,496.1,normal
1236.496740728862,138,138,132.5,-1,1.5,12.2,83,73,73.2,722,579,495.9,normal
1240.382991832534,141,138.5,132.7,-4,0.5,12.2,84,74,73.3,717,578.5,495.8,normal
1242.824272674263,141,139,132.7,-5,-0.5,12.1,85,75,73.5,717,578,495.6,normal
1246.301786482096,142,140,133,-6,-1,12,87,75.5,73.6,716,577,495.6,failure
1247.791866,111,120.5,130.1,25,20,14.7,53,60.5,70.1,747,600,499.9,normal
1250.984771110023,111,121.5,130.3,25,19.5,14.5,53,61.5,70.4,743,600,499.5,normal
1254.013089188042,111,122,130.7,24,18.5,14.1,55,62.5,70.5,740,599.5,499.5,normal
1257.094003328575,114,122.5,130.8,23,17,14,58,63,70.6,739,598.5,499.5,normal
1260.580122562686,115,123.5,130.8,20,15.5,13.9,59,64,70.9,737,597,499.3,normal
1264.300632149333,115,124.5,130.9,17,13.5,13.9,59,65.5,71,736,596,499.3,normal
1268.823465574152,118,124.5,131.3,16,13,13.7,64,67,71.1,731,595,499.2,normal
1271.719849002754,121,125,131.4,16,12.5,13.6,64,68,71.1,729,595,499.2,normal
1276.012791594249,125,125,131.4,15,11.5,13.3,65,71.5,71.2,728,593,499.2,normal
1277.371150805789,127,125.5,131.7,13,11.5,13.2,66,71.5,71.6,727,592,499.1,normal
1278.529960545918,128,126,131.8,13,11.5,13.2,67,71.5,71.7,726,591.5,499.1,normal
1279.905771303737,128,127,132,12,10.5,13.1,69,72.5,71.7,725,591.5,499,normal
1283.274778832339,135,127.5,132.1,12,10,13,70,72.5,71.8,723,590,499,normal
1286.003793975078,136,128.5,132.3,12,9.5,12.9,70,73.5,71.8,721,590,499,normal
1288.770346480432,139,128.5,132.3,11,8.5,12.9,71,74.5,72.1,718,589.5,498.8,normal
1291.78159,141,130.5,132.5,8,8,12.8,72,75.5,72.3,717,589.5,498.8,normal
1295.893302918328,142,131.5,132.7,4,6.5,12.7,74,76,72.7,716,588,498.5,normal
1299.640171267081,146,132,133,1,4,12.6,79,77,73.1,715,588,498.3,normal
1301.320727696594,147,132,133.1,0,3.5,12.5,80,78,73.2,715,587,498.2,normal
1304.056246799848,148,132.5,133.2,-2,3.5,12.4,80,79,73.3,712,586.5,498.1,normal
1309.149263350126,151,134.5,133.3,-2,2.5,12.2,80,80,73.8,708,585,497.4,normal
1310.916994523279,152,135.5,133.4,-4,2.5,11.9,82,80.5,74,706,584.5,497.3,normal
1314.023191311995,153,137,133.7,-11,1,11.8,86,81.5,74.1,705,584.5,497.1,failure
1317.702005238105,111,120.5,130.2,21,18,14.9,51,61.5,70.4,749,598,499.6,normal
1319.849721092236,112,121,130.4,20,17.5,14.6,53,62.5,70.7,746,598,499.4,normal
1322.417476851342,115,121,130.5,20,16.5,14.3,53,63,70.8,746,598,499.3,normal
1324.129803851846,116,121.5,130.5,20,15.5,14.3,55,63,70.9,745,598,499.2,normal
1326.515182174729,116,123,130.7,19,15,14.1,55,64,70.9,744,596.5,499.1,normal
1334.152553904119,120,124,131.2,16,14,13.7,62,64,71,740,594.5,498.4,normal
1339.129988171623,122,126,131.4,12,13,13.5,64,65.5,71.2,737,593.5,498.4,normal
1341.127691,122,127,131.5,9,12.5,13.3,66,66,71.3,737,593,498.3,normal
1343.905050426197,123,127.5,131.8,9,12,13.1,67,66.5,71.4,733,593,498.3,normal
1345.772406315404,124,127.5,132.1,7,11.5,13,69,67,71.4,731,592.5,498.2,normal
1347.960292711286,124,128,132.2,6,11,12.6,71,67,71.5,731,592,498.2,normal
1349.171452258751,124,128.5,132.3,6,10.5,12.4,71,67.5,71.5,730,591,498.2,normal
1352.002408110386,127,129,132.3,6,9,12.4,72,68.5,71.6,728,589.5,498,normal
1353.326964132336,127,129.5,132.3,6,9,12.3,72,68.5,71.7,727,589,497.9,normal
1357.134183247603,129,130,132.6,4,7,12,76,70,72,726,588.5,497.9,normal
1360.863767637017,130,131.5,133,3,5,11.8,78,70.5,72.3,724,588.5,497.8,normal
1365.083031,137,133,133.1,0,3.5,11.7,81,71.5,72.6,722,587.5,497.5,normal
1367.323427437136,138,133,133.3,-2,3.5,11.6,82,72,72.9,721,587.5,497.5,normal
1369.206559340521,139,133.5,133.7,-2,2.5,11.5,84,72,73,721,587,497.4,normal
1372.935412888299,141,135.5,133.8,-4,1.5,11.4,87,72,73.3,719,585.5,497.2,normal
1377.147272809648,147,136,133.9,-5,-0.5,11.3,91,72.5,73.3,718,585,497.1,normal
1380.665994376804,147,136.5,134,-5,-1.5,11.1,93,72.5,73.8,717,584.5,497.1,failure
1382.166367787713,110,120.5,130.3,23,19.5,14.8,52,62,70,749,599.5,500,normal
1386.610354369974,113,121.5,130.4,22,17,14.7,53,62.5,70,747,599,499.9,normal
1388.534991737495,113,122,130.4,22,16.5,14.7,55,63,70.1,747,598.5,499.9,normal
1394.177087,114,125,130.5,20,14,14.1,59,64,70.2,740,597.5,499.6,normal
1395.83307,116,125,130.5,19,13,13.9,60,64.5,70.2,739,597,499.3,normal
1399.653127560855,118,127,130.7,18,12,13.6,61,65,70.3,739,596.5,498.9,normal
1402.890556798762,119,129.5,130.8,17,11,13.5,62,65,70.4,737,596.5,498.9,normal
1405.587844902587,121,131,130.9,15,10.5,13.2,63,66.5,70.5,733,596.5,498.8,normal
1407.528070612348,122,131,130.9,13,10,13.1,64,66.5,70.8,732,596,498.7,normal
1409.752494968985,125,131,130.9,13,9.5,13,64,66.5,70.8,728,595.5,498.6,normal
1413.637031482395,125,133,131.1,12,9,12.5,66,67,71,725,593.5,498.3,normal
1416.699572903455,128,134,131.2,12,9,12.3,67,69,71.3,722,593,498.1,normal
1421.606862039179,130,135,131.3,12,9,12.2,67,71,71.6,722,592.5,497.6,normal
1422.873872450209,130,135,131.4,11,8.5,12.1,68,71.5,71.6,720,592,497.4,normal
1429.725154539865,134,136.5,131.5,6,5.5,11.6,69,73,71.9,718,590,497.3,normal
1431.551064495733,135,137,131.6,6,5.5,11.5,69,73,72.1,717,589.5,497.2,normal
1434.433680044439,136,138.5,131.6,4,4.5,11.3,69,73,72.4,716,588.5,496.9,normal
1439.060274257547,139,139.5,131.6,3,3.5,11.3,73,73.5,73,715,587.5,496.4,normal
1443.540339891885,140,140,131.7,-1,2.5,11.1,74,74.5,73.3,710,586.5,496.4,normal
1446.861554,146,140,131.8,-1,0,10.9,76,75,73.3,709,585,496.3,normal
1450.884177254586,148,140,132,-3,0,10.8,76,76,73.8,706,585,496.2,normal
1452.682764461937,149,140.5,132.1,-3,-1.5,10.7,76,76.5,74,705,584.5,496.2,normal
1455.191283582116,150,141,132.6,-5,-2,10.6,76,76.5,74.3,703,584.5,495.9,failure
1458.724886183284,113,120.5,130.3,25,19,15,52,61,70.1,749,598.5,499.8,normal
1462.175272409043,113,123.5,130.6,21,18.5,15,53,62,70.3,748,597.5,499.8,normal
1464.998285,115,123.5,130.8,18,18.5,14.6,54,62.5,70.3,746,597,499.7,normal
1467.956201113942,116,124,131.1,18,18,14.5,55,63,70.5,743,596,499.6,normal
1471.170231040973,117,124.5,131.2,17,17.5,14.3,57,63,70.7,740,595.5,499.5,normal
1477.005089219503,118,125,131.4,13,15,14.2,61,66,71,738,594.5,499.2,normal
1478.944541729293,118,125,131.5,11,14,14.1,61,67.5,71.3,738,593.5,499.2,normal
1481.264058295379,119,126,131.5,9,12.5,13.9,62,69.5,71.5,737,593,499.1,normal
1485.077715384829,119,128,131.6,8,11.5,13.8,65,69.5,71.5,736,593,498.7,normal
1487.671029321026,120,128.5,131.7,5,11,13.7,68,69.5,71.6,734,593,498.6,normal
1493.277366952163,121,130,131.9,-1,9.5,13.4,69,71,72.1,732,592,498.2,normal
1496.674715628363,124,131.5,132,-4,9.5,13.2,72,72.5,72.4,729,591,498.2,normal
1506.806889253008,130,133.5,132.5,-9,8,12.2,77,75,72.4,725,589.5,497.6,normal
1509.377684,130,134.5,132.5,-10,8,12,79,75,72.4,724,588.5,497.4,normal
1512.788960833499,131,135,132.5,-12,8,12,80,75.5,72.5,724,588.5,497.1,failure
1517.197765076452,117,121,130.1,23,19.5,14.9,52,60.5,70.4,747,598,500,normal
1519.656987749034,119,121,130.2,20,18,14.7,54,61,70.5,747,597,499.9,normal
1521.97418,120,121,130.4,20,17.5,14.5,56,61,70.5,746,597,499.9,normal
1525.023656423306,120,123,130.5,20,17.5,14.3,58,62.5,70.8,745,595,499.5,normal
1530.933107816171,121,126,131,19,15.5,14.2,61,66,71.2,743,593,499.5,normal
1532.960637742294,122,127,131,18,14.5,14.1,61,67.5,71.4,742,593,499.3,normal
1535.836398898515,123,128,131.1,17,14.5,14,63,68,71.5,741,592.5,499.2,normal
1538.294885381921,125,128.5,131.2,17,14,13.9,64,68.5,71.8,737,592.5,498.9,normal
1540.009159865282,126,129,131.3,16,13,13.8,65,69.5,71.8,737,592.5,498.7,normal
1542.316916189612,127,129.5,131.4,14,13,13.5,67,70,72.1,736,592,498.6,normal
1545.465856505443,128,130.5,131.5,14,12.5,13.4,68,71.5,72.2,732,590.5,498.5,normal
1547.373817962144,129,131.5,131.5,13,11.5,13.3,69,73,72.2,732,590,498.5,normal
1549.635088467991,129,132,131.6,12,10.5,13,70,73,72.2,730,590,498.4,normal
1553.157994826331,130,133,131.7,11,10,12.8,71,74.5,72.2,730,589.5,498.3,normal
1555.990732937632,134,133.5,132,9,10,12.7,72,75,72.4,730,589,498.2,normal
1562.020458617993,136,135.5,132.5,4,10,12.7,76,77,73.3,726,588,498.1,normal
1563.530637,138,136,132.5,4,10,12.6,77,77,73.4,726,587.5,498,normal
1566.435849426039,139,136.5,132.6,2,9,12.3,78,77,73.7,724,585.5,498,normal
1569.020820223987,141,137.5,132.8,1,9,11.8,81,77.5,73.8,724,585.5,497.9,normal
1572.412874654151,142,138.5,132.8,-1,7,11.8,82,78,74.1,722,584.5,497.6,normal
1575.052151485753,143,138.5,133,-2,6.5,11.6,86,80,74.2,721,583.5,497.6,normal
1576.686235723822,143,139,133,-3,6.5,11.6,87,80,74.4,720,582.5,497.5,normal
1578.865546222587,143,139,133.1,-6,6,11.6,87,80.5,74.6,719,581.5,497.3,normal
1580.670747277708,144,139,133.4,-7,6,11.5,88,80.5,74.7,718,581.5,497.3,normal
1582.390078317038,144,139,133.4,-8,5.5,11.3,90,80.5,74.8,718,580.5,497.2,normal
1584.438683937985,145,139.5,133.6,-10,5.5,11.3,91,81.5,74.9,716,580.5,497.1,failure
1587.344632,111,121,130.1,22,20,15,51,60.5,70.1,749,598.5,500,normal
1589.772885889032,112,122.5,130.1,20,20,14.9,51,60.5,70.1,748,598,500,normal
1594.676567807848,112,123.5,130.2,19,18,14.7,52,61.5,70.5,745,595.5,499.9,normal
1596.975075704951,113,123.5,130.2,18,18,14.5,54,62,70.5,743,594.5,499.8,normal
1599.456313414793,115,123.5,130.5,17,17.5,14.3,54,62,70.7,740,593.5,499.6,normal
1602.867821794535,116,124,130.6,17,16.5,14,56,63,70.8,740,592.5,499.3,normal
1606.002662277621,118,124.5,130.8,17,15.5,13.9,59,65.5,70.8,737,592.5,499.3,normal
1608.836659473902,119,125.5,131.1,16,14.5,13.6,61,66,70.8,736,591,499.1,normal
1611.883483,122,126,131.4,16,14,13.5,61,66.5,70.9,735,590.5,498.9,normal
1614.531901,123,127,131.6,15,14,13.1,62,66.5,71.2,734,590.5,498.6,normal
1617.788424141695,124,128,131.7,15,14,12.9,65,67,71.3,732,589.5,498.5,normal
1622.531150021585,126,129,132,11,12.5,12.8,68,68,71.4,728,588,498.1,normal
1625.284564668675,128,129,132,9,11.5,12.6,69,68,71.5,727,587,498.1,normal
1627.202455802222,129,129.5,132.3,8,11,12.6,69,68.5,71.6,725,586,497.7,normal
1631.693154,131,130,132.4,5,9,12.3,69,70,71.9,723,585,497.6,normal
1634.975183,132,131,132.6,4,9,12.2,69,71.5,71.9,722,584,497.5,normal
1636.67555,133,131,132.6,3,8.5,12.1,70,72,72,721,583.5,497.4,normal
1638.831305785092,135,131,132.8,2,8,12,71,72,72.2,721,583.5,497.3,normal
1643.670649886691,136,132,133.3,2,7.5,11.6,77,73,72.7,719,583.5,497.2,normal
1650.862812875709,138,133.5,133.6,0,6.5,11.5,82,75.5,73,719,581.5,496.7,normal
1654.990271074594,141,134.5,134.1,-1,6,11.3,84,76.5,73,717,581.5,496.5,normal
1657.270002610503,141,135.5,134.3,-1,4.5,11.2,87,77,73.4,717,580,496.4,normal
1659.346180706116,142,136,134.3,-3,4.5,11.1,88,78,73.5,716,578.5,496.3,normal
1661.450838462986,143,138,134.4,-4,4.5,10.8,88,78.5,73.7,714,577,496.2,normal
1663.455279869536,144,138,134.7,-7,3,10.8,89,78.5,73.8,712,577,496.2,normal
1665.542621514012,145,138.5,134.8,-8,2.5,10.7,89,78.5,73.9,711,576.5,496.1,failure
1667.572174784468,111,120.5,130.1,24,20,14.9,50,60.5,70,750,598.5,499.9,normal
1669.406777759123,111,121.5,130.2,24,20,14.7,51,60.5,70.1,748,597.5,499.8,normal
1671.590743548432,113,121.5,130.3,24,19.5,14.5,53,61.5,70.1,746,596.5,499.5,normal
1676.950849769098,117,124.5,130.5,19,18.5,14.5,56,64,70.4,745,596.5,499.2,normal
1679.122829876367,117,125,130.8,19,18,14.5,57,65,70.5,744,596,499.2,normal
1681.288347133267,117,125,130.9,18,17,14.4,60,66.5,70.6,744,595,499.2,normal
1684.167813471699,117,125.5,131,16,16,14.2,60,68.5,70.7,744,594,499.1,normal
1691.710436127451,124,127,131.4,15,13.5,13.9,64,68.5,71,741,592.5,499,normal
1694.476008422506,126,127.5,131.7,13,13,13.8,64,69,71.1,737,592,498.9,normal
1697.021252,127,128.5,132,12,12,13.7,64,70,71.4,734,592,498.7,normal
1703.869371974344,134,129,132.3,9,11.5,13.7,66,71,71.7,730,592,498.4,normal
1706.682193402616,136,129.5,132.6,5,10.5,13.7,69,72,71.7,730,591.5,498.2,normal
1708.570434492589,137,130,132.6,5,9.5,13.4,69,72,71.7,730,591,498.1,normal
1713.631467,137,131.5,133.3,4,8.5,13.3,70,72.5,72,728,590,497.8,normal
1717.708270856597,142,133.5,133.4,3,8,13.1,71,74,72.1,724,588,497.8,normal
1719.314356964483,144,133.5,133.5,2,8,13.1,73,74.5,72.2,721,587.5,497.8,normal
1726.717655683505,146,135,133.6,1,7,12.7,78,76,72.4,719,584.5,497.4,normal
1729.397771696013,146,135,133.9,0,6.5,12.6,79,76.5,72.5,717,584.5,497.4,normal
1731.296460629317,147,135.5,134.2,-1,6,12.3,80,77,72.7,716,584.5,497.4,normal
1735.259645,149,135.5,134.5,-2,5,12.3,82,78.5,72.7,715,584.5,497.2,normal
1740.056665170105,151,135.5,135,-3,4.5,12.3,86,79.5,72.8,715,582.5,497,normal
1743.186305104648,153,136,135.2,-4,3.5,12.1,86,79.5,72.9,715,581.5,496.9,normal
1745.471763686477,154,137,135.2,-4,2.5,11.9,88,79.5,73,715,580.5,496.7,normal
1747.643153668129,157,137,135.3,-4,2,11.8,88,80.5,73.1,714,580.5,496.6,normal
1750.354273457935,158,139,135.6,-4,1.5,11.7,88,80.5,73.1,712,579,496.6,normal
1754.598749135703,159,139.5,135.7,-4,1,11.6,90,80.5,73.5,710,578,496.5,normal
1758.358536047948,161,140.5,135.9,-4,-1,11.4,91,81.5,73.6,707,577.5,496.5,normal
1761.744565563758,167,141,135.9,-7,-2,11.1,92,81.5,73.7,704,576.5,496.3,failure
1764.569649,112,120,130.1,24,19,14.9,50,60,70,749,598.5,500,normal
1767.081490812985,113,121,130.2,23,18.5,14.6,52,60.5,70.1,747,598,499.8,normal
1770.727090685233,113,121,130.3,21,17.5,14.6,52,60.5,70.2,746,596.5,499.6,normal
1774.332210511775,116,121,130.3,20,17,14.5,54,61,70.3,744,595.5,499.4,normal
1776.986093032846,117,121,130.7,18,16,14.5,55,61,70.4,743,595,499.4,normal
1779.552483066658,118,122,130.8,17,16,14.4,58,62.5,70.4,742,595,499.1,normal
1784.323828767931,121,123.5,130.9,14,15.5,14.3,60,63,71.2,741,594.5,498.8,normal
1786.664745702585,124,125.5,130.9,14,15,14.3,61,63.5,71.5,740,593.5,498.7,normal
1791.561348923067,127,127.5,131,8,14,14.2,63,65,71.9,739,593.5,498.7,normal
1793.551450780968,128,128,131.1,7,14,14.2,63,65.5,72,738,593,498.6,normal
1796.160652410173,131,130,131.2,3,12.5,14.1,63,66,72,736,592.5,498.5,normal
1797.977686,131,130.5,131.4,2,12.5,13.9,64,66,72.1,734,591.5,498.4,normal
